Project ID,Project Name,Parent,Project Owner (Subsidiary),Sector,State,City,Project Status,Project Type,Construction Start Date,Expected Commissioning Date,Scope,Project Status Cleaned,Start Date Cleaned,Commissioning Date Cleaned
VED-001,Lanjigarh Alumina Refinery Expansion (2 → 5 MTPA),Vedanta,Vedanta,Mining,Odisha,"Lanjigarh, Kalahandi",Completed,Not Disclosed,2020-01-01,2025-12-01,Multi-phase brownfield expansion: 3.5 MTPA commissioned Apr 2024; full 5 MTPA reached Dec 2025 — now India's largest alumina refinery and one of world's largest outside China,Completed,2020-01-01,2025-12-01
VED-002,BALCO Korba Smelter Expansion — 525 kA Potline (0.435 MTPA),Vedanta,Vedanta,Mining,Chhattisgarh,Korba,Completed,Not Disclosed,Not Disclosed,2025-01-01,"New 525 kA high-amperage potline at Korba; takes BALCO to 1 MTPA (India's largest 525 kA smelter, >20% of India's aluminium output); first metal Oct 2025",Completed,,2025-01-01
VED-003,Jharsuguda Cast House-4 & Value-Added Products Expansion,Vedanta,Vedanta,Mining,Odisha,Jharsuguda,Completed,Not Disclosed,2022-01-01,2025-06-01,New 180 KTPA Primary Foundry Alloy line + 2×125 KTPA billet lines at Jharsuguda; PFA line commissioned Feb 2025; billet lines achieved Jun 2025; lifts VAP share,Completed,2022-01-01,2025-06-01
VED-004,Jharsuguda Aluminium Smelter Expansion (1.75 → 1.8 MTPA),Vedanta,Vedanta,Mining,Odisha,Jharsuguda,Approved — Pre-Construction,Not Disclosed,2026-01-01,2028-01-01,"Debottlenecking: adding 66 pots in Smelter-2; Odisha SPCB consent issued Apr 3, 2026; 5-year window to commence construction; commissioning expected FY2028-30",Upcoming,2026-01-01,2028-01-01
VED-005,HZL Rajasthan Underground Mines Expansion (10 → 15 MTPA ore),Vedanta,Vedanta,Mining,Rajasthan,"Multiple Districts (Bhilwara, Rajsamand, Udaipur, Chittorgarh)",Ongoing,Not Disclosed,2026-04-01,2029-01-01,"Multi-mine underground expansion and mill upgrades at Rampura Agucha, Sindesar Khurd, Rajpura Dariba, Zawar, Kayad and Bamania Kalan; investment plan announced Apr 2026 over 3 years",Ongoing,2026-04-01,2029-01-01
VED-006,Rampura Agucha 10 MTPA Zinc Tailings Reprocessing Plant,Vedanta,Vedanta,Mining,Rajasthan,"Rampura Agucha, Bhilwara",Approved — Under Development,Not Disclosed,2025-01-01,2028-01-01,First-of-its-kind 10 MTPA zinc tailings reprocessing plant to recover zinc and silver from historical tailings at Rampura Agucha; HZL board approved Aug 2025; 28-month implementation,Upcoming,2025-01-01,2028-01-01
VED-007,HZL 250 KTPA Integrated Zinc Metal Complex — Debari,Vedanta,Vedanta,Mining,Rajasthan,"Debari, Udaipur",Approved — Under Development,Not Disclosed,2025-01-01,2028-01-01,New 250 KTPA integrated zinc metal complex at Debari; part of HZL 2X growth plan to nearly double zinc-lead-silver capacity; 36-month completion from board approval,Upcoming,2025-01-01,2028-01-01
VED-008,Bamnia Kalan & Sindesar Kalan Underground Lead-Zinc Mine Expansion,Vedanta,Vedanta,Mining,Rajasthan,"Bamnia Kalan & Sindesar Kalan, Rajsamand",Under Development,Not Disclosed,2020-01-01,2027-01-01,Underground lead-zinc ore expansion from 0.12 MTPA to 1.5 MTPA ROM; portal excavation started; infrastructure orders placed; ore production expected post-FY27,Upcoming,2020-01-01,2027-01-01
VED-009,Bicholim Mineral Block-1 Iron Ore Mine — 3 MTPA (Goa),Vedanta,Vedanta,Mining,Goa,"Bicholim Mineral Block-1, North Goa",Ongoing — Operational,Not Disclosed,2024-01-01,2024-01-01,"Restart of iron ore mining at Bicholim Block-1 after 6-year halt; first post-2018 auction mine to become operational in Goa; EC granted Jan 2024; mining operations formally commenced Apr 4, 2024",Completed,2024-01-01,2024-01-01
VED-010,"Janthakal Iron Ore Mine — Preferred Bidder (G3 block, Karnataka)",Vedanta,Vedanta,Mining,Karnataka,"Janthakal, Chitradurga",Upcoming — Approvals Stage,Not Disclosed,2025-01-01,TBD (Post lease & clearances),71.16 ha G3-stage iron ore block in Chitradurga; ~12.51 Mt geological resources; Vedanta declared preferred bidder Jul 2025; mining lease grant pending statutory approvals,Upcoming,2025-01-01,
VED-011,Mangala Field ASP Enhanced Oil Recovery — India's Largest Commercial ASP,Vedanta,Vedanta,Oil & Gas,Rajasthan,"Mangala Field, Barmer (RJ-ON-90/1)",Ongoing,Not Disclosed,2024-01-01,2026-04-01,Full-field Alkaline-Surfactant-Polymer (ASP) flooding at Mangala (MWP-1 & 19); boosts recovery from ~40% to up to 60%; ~20% additional oil from treated area; India's largest commercial ASP injection,Ongoing,2024-01-01,2026-04-01
VED-012,RJ-ON-90/1 ASP & Advanced Recovery Programme — MBA Fields,Vedanta,Vedanta,Oil & Gas,Rajasthan,Barmer Basin (MBA + Satellite Fields),Ongoing,Not Disclosed,2019-01-01,2025-01-01,"Multi-field EOR across Mangala, Bhagyam and Aishwariya; ~$1 billion ASP investment 2025-28; part of $3-4 billion upstream capex; ONGC 30% partner; PSC extended to May 2030",Ongoing,2019-01-01,2025-01-01
VED-013,Cairn OALP Round-IX — 7 New Exploration Blocks (West Coast),Vedanta,Vedanta,Oil & Gas,Gujarat / Offshore West Coast,"Cambay, Saurashtra, Mumbai basins",Upcoming — Active Exploration,Not Disclosed,2025-01-01,2025-01-01,"4 onshore + 3 shallow-water blocks in Cambay, Saurashtra and Mumbai basins; takes Cairn portfolio to 69 blocks (~73,000 sq km); accelerated exploration 2025-27 to contribute 50% of India's domestic crude",Ongoing,2025-01-01,2025-01-01
VED-014,KG Basin Deepwater Exploration — 5-6 Wells by 2026,Vedanta,Vedanta,Oil & Gas,Offshore — Andhra Pradesh,"KG Basin, Bay of Bengal",Upcoming — Pre-Development,Not Disclosed,2025-01-01,2026-01-01,Deepwater exploration in KG-DWHP-2017/1 block; 3D CSEM surveys completed; 5-6 exploration wells planned by 2026; part of $3-4 billion upstream capex plan,Upcoming,2025-01-01,2026-01-01
VED-015,"Meenakshi Energy 1,000 MW Coal Power Plant — Full Revival",Vedanta,Vedanta,Utilities,Andhra Pradesh,"Thamminapatnam, Nellore",Completed — Fully Operational,Not Disclosed,2023-01-01,2025-08-01,"IBC acquisition Jan 2023 (₹1,440 Cr); Phase I 300 MW already operational; Phase II 700 MW (2×350 MW) commissioned Aug 2025; plant now fully operational at 1,000 MW as IPP",Completed,2023-01-01,2025-08-01
VED-016,"Vedanta Chhattisgarh Thermal Power Plant (VLCTPP) — 1,200 MW",Vedanta,Vedanta,Utilities,Chhattisgarh,"Singhitarai, Sakti District",Ongoing — Unit 1 Commissioned,Not Disclosed,2022-01-01,2025-08-01,Half-built 2×600 MW coal thermal plant acquired from Athena Chhattisgarh via insolvency; completed under Vedanta; Unit-1 (600 MW) commissioned Aug 2025; Unit-2 to follow,Completed,2022-01-01,2025-08-01
VED-017,HZL — Serentica 450→530 MW Round-the-Clock Renewable Power (Captive),Vedanta,Vedanta,Utilities,Rajasthan,"Bikaner (generation) → HZL units in Udaipur, Bhilwara, Rajsamand",Ongoing,Not Disclosed,2024-01-01,2027-01-01,Captive solar-wind-storage RTC renewable power supply to HZL operations; 180 MW Bikaner solar park commissioned Jul 2024; PDA enhanced to 530 MW; full hybrid system by 2027,Ongoing,2024-01-01,2027-01-01
VED-018,HZL 0.5 MTPA DAP Fertiliser Plant — Udaipur,Vedanta,Vedanta,PCR,Rajasthan,Udaipur,Upcoming — Announced,Not Disclosed,2026-01-01,TBD (within 3-year plan),"Greenfield 0.5 MTPA Di-Ammonium Phosphate (DAP) plant at Udaipur using rock phosphate from HZL's Maton mine; part of ₹8,000 Cr 3-year Rajasthan investment plan announced Apr 2026",Upcoming,2026-01-01,
VED-019,Vedanta Semiconductors & Displays — Dholera Fab (₹1.54 lakh crore MoU),Vedanta,Vedanta,PCR,Gujarat,"Dholera SIR, Ahmedabad",Upcoming — Partner Finalisation,Not Disclosed,2022-01-01,TBD (Partner finalisation pending),"Proposed integrated semiconductor fab (28nm, 300mm wafer) + Gen-8 display fab + OSAT at Dholera SIR; MoU Sep 2022 with Gujarat Govt; Foxconn JV dissolved; Vedanta seeking new tech and equity partners",Upcoming,2022-01-01,
VED-020,Sterlite Copper 'Green Copper' Smelter Revival — Thoothukudi,Vedanta,Vedanta,PCR,Tamil Nadu,Thoothukudi,Upcoming — Regulatory / Judicial,Not Disclosed,2025-01-01,TBD (Judicial approval pending),Proposal to revive closed Sterlite Copper smelter as a new 'green copper' facility; Vedanta filed petition Dec 2025 in Madras High Court for expert committee evaluation; judicial and regulatory approval pending,Upcoming,2025-01-01,
VED-021,Vedanta Aluminium Park Jharsuguda + 3 MTPA Aluminium Plant — Odisha,Vedanta,Vedanta,PCR,Odisha,Jharsuguda (park) + Rayagada/Dhenkanal (smelter),Upcoming — MoU Stage,Not Disclosed,2025-01-01,TBD (~3-4 years from sanction),253-acre aluminium industrial park near Jharsuguda for 100+ MSMEs + proposed 3 MTPA greenfield aluminium smelter in Rayagada/Dhenkanal; MoU with Odisha Govt Jan 2025; 3-4 year build horizon,Upcoming,2025-01-01,
JSW-001,Greenfield Integrated Steel & Manufacturing Complex — Paradip,JSW Group,JSW Steel / JSW Utkal Steel Ltd (Developer) — EPC not yet disclosed,Steel & Mining,Odisha,"Paradip, Jagatsinghpur",Ongoing — Under Development,Not Disclosed,2024-01-01,2026-04-01,"13.2 MTPA integrated green steel plant with captive power plant, captive jetties, cement unit, township and associated infrastructure; land ~2,958 acres; multi-phase development over several years",Ongoing,2024-01-01,2026-04-01
JSW-002,JSW Vijayanagar Metallics — 5 MTPA Brownfield Steel Expansion,JSW Group,JSW Vijayanagar Metallics Ltd (JVML) — Multiple EPC packages; not fully disclosed,Steel & Mining,Karnataka,"Vijayanagar, Ballari",Ongoing — Near Completion,Not Disclosed,2022-01-01,2024-03-01,"Brownfield addition of 4.5 MTPA blast furnace, 2×350-ton steel melt shops and 5 MTPA hot strip mill at Vijayanagar; HSM, BF, sinter & RMHS commissioned Mar 2024; SMS ramp-up through FY25; raises Vijayanagar to ~18 MTPA",Ongoing,2022-01-01,2024-03-01
JSW-003,Dolvi Works Phase-III Brownfield Expansion (10 → 15 MTPA),JSW Group,JSW Steel Ltd — In-house engineering + package contractors; not centrally disclosed,Steel & Mining,Maharashtra,"Dolvi, Raigad",Ongoing — Under Development,Not Disclosed,2024-01-01,2027-09-01,"Brownfield expansion adding 5 MTPA at Dolvi with associated coke ovens, pellet plant and logistics upgrades; part of JSW Steel's ₹61,863 Cr India capex FY26-28; significant share earmarked for Dolvi",Ongoing,2024-01-01,2027-09-01
JSW-004,Iron Ore Mining & Pellet / Slurry Logistics — Odisha (Multiple Mines),JSW Group,JSW Steel & Mining subsidiaries — EPC for individual mines/pipeline not fully disclosed,Steel & Mining,Odisha,Keonjhar & Sundargarh Districts,Ongoing — Under Development,Not Disclosed,2024-01-01,2027-01-01,Multiple iron ore mines in Keonjhar & Sundargarh districts; 2 × 8 MTPA pellet plants and 30 MTPA slurry pipeline to supply Vijayanagar; ~1.1 billion tonne aggregate ore reserves; FY27-28 target,Ongoing,2024-01-01,2027-01-01
JSW-005,Kutehr Hydroelectric Power Plant — 240 MW (3×80 MW),JSW Group,JSW Energy Kutehr Ltd (wholly-owned step-down) — Civil & electro-mechanical EPC packages; not all named publicly,Utilities,Himachal Pradesh,Chamba District,Completed,Not Disclosed,Early 2020s,2025-08-01,Run-of-river hydro plant on Ravi River; 35-year PPA with Haryana Power Purchase Centre at ₹4.50/kWh levelised ceiling tariff; completed in under 6 years — one of India's fastest greenfield hydro builds,Completed,,2025-08-01
JSW-006,SECI Tranche X Wind Power Project — 450 MW,JSW Group,JSW Renew Energy Two Ltd (JSW Energy step-down) — Turbine OEM/EPC not named,Utilities,Tamil Nadu,Tuticorin (Thoothukudi) & Dharapuram,Ongoing — Late Commissioning,Not Disclosed,2022-01-01,2025-04-01,450 MW ISTS-connected wind project under SECI Tranche X with 25-year PPA; 300 MW Tuticorin fully commissioned Sep 2024; 138 MW of 150 MW Dharapuram commissioned by late 2025; remaining 12 MW expected by end-FY25,Ongoing,2022-01-01,2025-04-01
JSW-007,1.0 GWh Battery Energy Storage System (BESS) — SECI Awarded,JSW Group,JSW Energy / JSW Neo Energy — EPC not publicly disclosed,Utilities,Multiple (ISTS locations — exact sites not disclosed),Multiple Sites,Ongoing — Under Construction,Not Disclosed,2024-01-01,2025-06-01,Two 500 MWh grid-scale BESS installations developed under Build-Own-Operate model against SECI tender; provides 2-hour discharge for grid balancing and RE integration; construction commenced Jun 2024,Ongoing,2024-01-01,2025-06-01
JSW-008,Multi-Site 3.0 GWh BESS + 26.4 GWh Pumped Storage Portfolio,JSW Group,JSW Energy / JSW Neo Energy — Individual EPC partners to be appointed per project,Utilities,Multiple States,Multiple Sites,Under Development — Pipeline,Not Disclosed,2023-01-01,2026-01-01,JSW Energy's locked-in storage portfolio of 29.4 GWh: 26.4 GWh in pumped storage and 3.0 GWh in BESS across multiple states; target 40 GWh by FY30; various projects at pre-construction or early construction stage,Upcoming,2023-01-01,2026-01-01
JSW-009,25 MW Green Hydrogen Plant — Vijayanagar,JSW Group,JSW Energy / JSW Neo Energy (Developer) — Technology providers not fully disclosed,Utilities,Karnataka,"Vijayanagar, Ballari",Ongoing — Trial Runs,Not Disclosed,2024-01-01,2026-01-01,"25 MW electrolysis-based green hydrogen facility (~3,800 TPA H₂) for JSW Steel Vijayanagar's green steel and decarbonisation programme; trial runs near complete as of Oct 2025; key part of JSW's net-zero roadmap",Ongoing,2024-01-01,2026-01-01
ONG-001,KG-DWN-98/2 Cluster-II Deepwater Development,ONGC,ONGC (Direct),Oil & Gas,Offshore Andhra Pradesh,"~35 km off Kakinada, KG Basin",🟡 Under Production / Final Commissioning,Not Disclosed,2018-10-01,2024-01-01,Deepwater gas/condensate development; FPSO Armada Sterling V; Subsea SPS+SURF EPC; First oil Jan 2024; production ramp-up ongoing,Ongoing,2018-10-01,2024-01-01
ONG-002,Mumbai High North Redevelopment Phase-IV (MHN RD-IV),ONGC,ONGC (Direct),Oil & Gas,Offshore Maharashtra,"Arabian Sea, ~160 km west of Mumbai",🟢 Completed,Not Disclosed,2019-04-01,2025-02-01,Offshore redevelopment of Mumbai High North field; platform upgrade and subsea works; dedicated by PM Mar 2024; cost overrun ~23%,Completed,2019-04-01,2025-02-01
ONG-003,Daman Upside Development Project (DUDP),ONGC,ONGC (Direct),Oil & Gas,"Western Offshore, Arabian Sea",~180 km NW of Mumbai; ~80 km south of Pipavav,🟢 Commissioned (2026),Not Disclosed,2024-01-01,2026-01-01,"Western offshore gas development; platform B-12-24P; gas flowing to Hazira plant from Mar 29, 2026; completed in <2 years from award",Completed,2024-01-01,2026-01-01
ONG-004,Subsea Pipeline Replacements (PRP-VIII & PRP-9),ONGC,ONGC (Direct),Oil & Gas,Western Offshore,"Mumbai High, Neelam, Heera fields",🟡 Under Execution,Not Disclosed,2024-01-01,2026-01-01,"Replacement of aging subsea pipelines across Mumbai High, Neelam and Heera fields; PRP-9 EPC to Lamprell",Ongoing,2024-01-01,2026-01-01
ONG-005,Jharia Coal Bed Methane (CBM) Project,ONGC,ONGC (Direct),Oil & Gas,Jharkhand,Jharia,🟡 Under Implementation,Not Disclosed,2024-01-01,2027-01-01,CBM gas extraction from Jharia coalfields; JV with Coal India; gas to be monetised from coal seams,Ongoing,2024-01-01,2027-01-01
ONG-006,DSF-II Integrated Development (4 Areas),ONGC,ONGC (Direct),Oil & Gas,Offshore (Multiple),Various Continental Shelf sites,🟡 Ongoing / Construction,Not Disclosed,2024-08-01,2027-04-01,Discovered Small Field-II integrated development across 4 offshore continental shelf areas; Board approved Aug 2024,Ongoing,2024-08-01,2027-04-01
ONG-007,Andaman Basin Stratigraphic Well (AND-P-1),ONGC,ONGC (Direct),Oil & Gas,Andaman Basin (Offshore),267 nm from Andaman Islands,🟡 Active Drilling,Not Disclosed,2026-01-01,TBD (Exploration),"Ultra-deepwater exploratory well 267 nautical miles from Andaman Islands; technical SME support from BP; spudded Jan 27, 2026",Ongoing,2026-01-01,
ONG-008,HPCL Visakh Refinery Modernisation Project (VRMP) + RUF,ONGC,HPCL (ONGC subsidiary),PCR,Andhra Pradesh,"Visakhapatnam (Visakh Refinery, Malkapuram)",🟢 Completed (2026),Not Disclosed,2016-07-01,2026-01-01,Expanded refinery from 8.33 to 15 MMTPA; added BS-VI capability; LC-Max residue hydrocracking unit (3.55 MMTPA); RUF commissioned early 2026,Completed,2016-07-01,2026-01-01
ONG-009,MRPL Iso-Butyl Benzene (IBB) Demo Plant,ONGC,MRPL (ONGC subsidiary),PCR,Karnataka,Mangalore Refinery (MRPL site),🟢 Completed,Not Disclosed,2023-01-01,2025-11-01,Demonstration-scale IBB production plant at MRPL Mangalore refinery; in-house development,Completed,2023-01-01,2025-11-01
ONG-010,MRPL Power System Upgradation,ONGC,MRPL (ONGC subsidiary),PCR,Karnataka,Mangalore Refinery,🟢 Commissioned (Apr 2026),Not Disclosed,Ongoing,2026-04-01,Grid power system upgrade at MRPL refinery; KPTCL grid linkage for improved power reliability,Completed,,2026-04-01
ONG-011,MRPL Bio-ATF (Sustainable Aviation Fuel) Demo,ONGC,MRPL (ONGC subsidiary),PCR,Karnataka,Mangalore Refinery,🟡 Under Construction,Not Disclosed,2024-01-01,2027-01-01,Demonstration plant for Bio-ATF / Sustainable Aviation Fuel production at MRPL; green aviation fuel initiative,Ongoing,2024-01-01,2027-01-01
ONG-012,MRPL New Petrochemical Complex (West Coast),ONGC,MRPL (ONGC subsidiary),PCR,Karnataka,Near Mangalore / MRPL Refinery Site,🔵 Upcoming (Pre-FID),Not Disclosed,TBD (Post FID),2029-01-01,Large petrochemical complex integrated with MRPL refinery; configuration under study; shifted focus from refinery expansion; EPC not yet appointed,Upcoming,,2029-01-01
ONG-013,Prayagraj Refinery-cum-Petrochem Complex,ONGC,ONGC (Direct),PCR,Uttar Pradesh,Prayagraj (Naini/Bara),🔵 Planned (Feasibility Stage),Not Disclosed,TBD,2028-01-01,Greenfield refinery and petrochemical complex at Naini/Bara; ONGC + BPCL JV; part of O2C expansion plan,Upcoming,,2028-01-01
ONG-014,Jamnagar Refinery & Petrochemical Project,ONGC,ONGC (Direct),PCR,Gujarat,Jamnagar,🔵 Planned (Site Selection),Not Disclosed,TBD,2030-01-01,Greenfield refinery and petchem complex at Jamnagar; site selection stage; part of ONGC group's 8 MMTPA petchem target by 2030,Upcoming,,2030-01-01
TAT-UTL-001,TP Solar 4.3 GW Cell & Module Manufacturing Plant,Tata Group,Tata Power Solar Systems Ltd (TP Solar),Utilities,Tamil Nadu,Tirunelveli,Ongoing,Greenfield,2022-07-01,2024-09-01,4.3 GW solar cell & module manufacturing plant. Module line: Oct 2023. Cell line: 09-09-2024 (2 GW). Full 4.3 GW capacity target FY26. India's largest integrated solar manufacturing facility.,Ongoing,2022-07-01,2024-09-01
TAT-UTL-002,"Bhivpuri Pumped Hydro Storage Project (1,000 MW)",Tata Group,Tata Power Ltd,Utilities,Maharashtra,"Bhivpuri, Raigad District",Ongoing,Greenfield,2024-10-29,2026-10-01,"1,000 MW pumped hydro storage project. Board approval Oct 2024. ₹2,470 Cr civil & hydro-mechanical EPC contract to HCC–Tata Projects JV (Mar 2025). Part of 2,800 MW PSP portfolio with Shirawta.",Ongoing,2024-10-29,2026-10-01
TAT-UTL-003,"Shirawta Pumped Hydro Storage Project (1,800 MW)",Tata Group,Tata Power Ltd,Utilities,Maharashtra,"Shirawta, Pune District",Upcoming,Greenfield,2026-07-01,2031-01-01,"1,800 MW pumped hydro storage project. Investment: ₹11,000 Cr. CEO confirmed Jul 2026 start and 5-year completion timeline at Nov 2025 briefing. Part of Tata Power's 2,800 MW PSP portfolio.",Upcoming,2026-07-01,2031-01-01
TAT-MIN-001,West Bokaro Coal Mine Expansion – 10 MTPA Coking Coal Washery,Tata Group,Tata Steel Ltd,Mining,Jharkhand,"West Bokaro, Ramgarh District",Completed,Brownfield Expansion,2022-11-01,2024-09-01,New 10 MTPA coking coal washery at West Bokaro. Adds to existing 6.5 MTPA capacity. 20-year washery life from commissioning. Pre-feasibility filed with MoEF&CC Feb 2022.,Completed,2022-11-01,2024-09-01
TAT-MIN-002,"Gandhalpada Iron Ore Mine, Odisha (10 MTPA)",Tata Group,Tata Steel Mining Ltd,Mining,Odisha,"Gandhalpada, Sundargarh District",Upcoming,Greenfield,Not Disclosed (Mining lease not yet executed; forest diversion approval pending),2029-04-01,10 MTPA iron ore mine (314.37 Mt resources; 33-year mine life). LoI for 50-year lease over 241.1 ha issued 28-10-2021. Forest clearance (216.875 ha) applied. Production target FY29 to replace expiring leases.,Upcoming,,2029-04-01
TAT-MIN-003,Noamundi / Joda / Katamati Iron Ore Mine Expansion (40 → 55 MTPA),Tata Group,Tata Steel Ltd (OMQ Division),Mining,Odisha & Jharkhand,"Noamundi (JH), Joda & Katamati (OD)",Ongoing,Expansion,2025-05-01,2025-01-01,"Multi-site iron ore capacity expansion from 40 MTPA to 55 MTPA across OMQ division. Investment: ~₹10,000 Cr (~US$1.18 Bn). Technology, logistics and debottlenecking upgrades. No single commissioning date – phased ramp-up.",Ongoing,2025-05-01,2025-01-01
TAT-DC-001,Tata Group 1 GW AI Data Centre Programme (TCS HyperVault + OpenAI + AMD),Tata Group,TCS / Tata Communications,Data Centres,Multiple States (TBD),Multiple Sites (TBD),Upcoming,Greenfield,2026-01-01,"Not Disclosed (Phased: 100 MW initial phase, scaling to 1 GW; timeline not published)","1 GW AI-optimised data centre programme. Phase 1: 100 MW via TCS HyperVault. Partnerships: OpenAI, AMD, TPG. Total capex: ~US$6.5-7 Bn. Announced Feb 2026. Construction timelines and site locations not yet disclosed.",Upcoming,2026-01-01,
RIL-PCR-001,Dahej Petrochemical & Polyester Value Chain Expansion (3 MMTPA PTA + 1 MMTPA PET),Reliance Industries Ltd,Reliance Industries Ltd (O2C Business),PCR,Gujarat,"Dahej, Bharuch District",Ongoing,Brownfield Expansion,2022-08-01,2026-12-31,"3 MMTPA PTA + 1 MMTPA PET integrated polyester value chain. Part of ₹75,000 Cr O2C capex. Dahej prefeasibility: ~₹21,200 Cr for PTA/PET/Carbon Fibre/CPVC/utilities at site.",Ongoing,2022-08-01,2026-12-31
RIL-PCR-002,Vinyl Chain (PVC/CPVC) Capacity Expansion – 1.5 MMTPA,Reliance Industries Ltd,Reliance Industries Ltd (O2C Business),PCR,Gujarat & Maharashtra,"Dahej (Gujarat), Jamnagar (Gujarat), Nagothane (Raigad, Maharashtra)",Ongoing,Brownfield Expansion,2022-08-01,2026-04-01,"1.5 MMTPA PVC/CPVC across 3 sites. Vinyl-chain capacity more than tripling. Part of ₹75,000 Cr O2C capex. Nagothane projected full commissioning 31-12-2028.",Ongoing,2022-08-01,2026-04-01
RIL-PCR-003,Carbon Fibre & Advanced Materials Complex – Hazira,Reliance Industries Ltd,Reliance Industries Ltd (O2C / New Materials),PCR,Gujarat,"Hazira, Surat District",Ongoing,Greenfield,2024-01-01,2025-12-31,"India's first large-scale carbon fibre plant (20,000 MTPA Phase 1). Part of ₹75,000 Cr O2C/new materials capex. Further ramp through 2026-27.",Ongoing,2024-01-01,2025-12-31
RIL-OG-001,KG-D6 Incremental Gas Development – R-Cluster & Satellite Cluster Additional Wells,Reliance Industries Ltd,RIL–bp JV (KG-DWN-98/3),Oil & Gas,Andhra Pradesh (Offshore),KG-D6 Block – Bay of Bengal (Offshore),Ongoing,Capacity Addition,2024-01-01,2025-01-01,3 additional wells in R-Cluster + 1 in Satellite Cluster. KG-D6 already producing. Incremental 4-5 mmscmd output targeted. Capex not publicly disclosed. MJ Field first gas: 30-06-2023 (achieved).,Ongoing,2024-01-01,2025-01-01
RIL-UTL-001,Dhirubhai Ambani Green Energy Giga Complex – Solar Cell & Module Gigafactory (10-20 GW),Reliance Industries Ltd,Reliance New Energy Ltd,Utilities,Gujarat,Jamnagar,Ongoing,Greenfield,2021-01-01,2025-04-01,"10-20 GW annual solar cell & module manufacturing (quartz-to-module). HJT technology (REC-based), 720 Wp modules. Part of ₹75,000 Cr (~US$10 Bn) new energy capex. BIS-certified production underway.",Ongoing,2021-01-01,2025-04-01
RIL-UTL-002,Jamnagar Battery Gigafactory – 40 GWh (Scalable to 100 GWh),Reliance Industries Ltd,Reliance New Energy Ltd,Utilities,Gujarat,Jamnagar,Ongoing,Greenfield,2024-08-30,2026-12-31,40 GWh/year integrated battery manufacturing (scalable to 100 GWh). Part of Jamnagar Giga Complex. US$10 Bn new energy investment envelope.,Ongoing,2024-08-30,2026-12-31
RIL-UTL-003,Electrolyser Gigafactory – Jamnagar (3 GW/year capacity),Reliance Industries Ltd,Reliance New Energy Ltd,Utilities,Gujarat,Jamnagar,Ongoing,Greenfield,2024-08-30,2026-12-31,3 GW/year electrolyser manufacturing plant within Jamnagar Giga Complex to support green hydrogen production. Part of US$10 Bn new energy capex.,Ongoing,2024-08-30,2026-12-31
RIL-UTL-004,"Kutch Ultra-Large Solar & Green Hydrogen Project (~550,000 acres)",Reliance Industries Ltd,Reliance New Energy Ltd,Utilities,Gujarat,Kutch District (Multiple Sites),Ongoing,Greenfield,2024-08-01,2026-01-01,"One of world's largest single-site solar projects (~550,000 acres). Feeds green hydrogen chain targeting 3 MMTPA by 2032. Linked to Jamnagar Giga Complex and Kandla export corridor. Capex not separately disclosed.",Ongoing,2024-08-01,2026-01-01
RIL-UTL-005,Green Hydrogen & Green Chemicals Complex – Kandla,Reliance Industries Ltd,Reliance New Energy Ltd,Utilities,Gujarat,"Kandla, Kutch District",Ongoing,Greenfield,2024-01-01,2032-01-01,"2,000-acre integrated green hydrogen and green chemicals complex (green ammonia, methanol, SAF). Marine/land infrastructure linked to Kutch solar and Jamnagar Giga Complex. Capex not publicly disclosed.",Ongoing,2024-01-01,2032-01-01
RIL-DC-001,Chennai MAA10 Data Centre – 20 MW (on 100 MW campus),Reliance Industries Ltd,Digital Connexion JV (RIL + Brookfield + Digital Realty),Data Centres,Tamil Nadu,Chennai,Completed,Greenfield,2023-01-01,2024-01-01,20 MW Phase 1 on 100 MW campus. Mukesh Ambani confirmed operations at TN Global Investors Meet Jan 2024. Further expansion to 100 MW in subsequent phases. Capex not separately disclosed.,Completed,2023-01-01,2024-01-01
RIL-DC-002,Mumbai Chandivali Data Centre Campus – ~40 MW,Reliance Industries Ltd,Digital Connexion JV (RIL + Brookfield + Digital Realty),Data Centres,Maharashtra,Mumbai (Chandivali),Ongoing,Greenfield,2023-01-01,Not Disclosed (Mid-decade commissioning targeted),"40 MW data centre on 2.15-acre land parcel in Chandivali, Mumbai. Part of Digital Connexion JV's India-wide DC investment plan. Capex not disclosed.",Ongoing,2023-01-01,
RIL-DC-003,Jamnagar AI Data Centre – Phase 1 (120 MW),Reliance Industries Ltd,Jio Platforms Ltd,Data Centres,Gujarat,Jamnagar,Ongoing,Greenfield,2026-02-19,2026-12-31,AI-native data centre campus. Construction confirmed at India AI Impact Summit 2026. Phase 1: 120 MW. Integrated with Jamnagar Giga Complex green energy infrastructure.,Ongoing,2026-02-19,2026-12-31
RIL-DC-004,Visakhapatnam AI-Native Data Centre Campus – 1 GW,Reliance Industries Ltd,Digital Connexion JV (RIL + Brookfield + Digital Realty),Data Centres,Andhra Pradesh,Visakhapatnam (Vizag),Upcoming,Greenfield,2025-01-01,2030-01-01,"1 GW AI-native DC campus on ~400 acres. MoU with AP Economic Development Board (2025). Investment ~US$11 Bn (~₹98,000 Cr) by 2030. Pre-construction / planning phase.",Upcoming,2025-01-01,2030-01-01
NTP-THM-001,"Telangana Super Thermal Power Project Stage-I (2×800 MW = 1,600 MW)",NTPC Limited,NTPC Ltd,Thermal,Telangana,Peddapalli District (near Ramagundam),Completed,Greenfield,2016-01-18,2023-09-05,"1,600 MW ultra-supercritical (USC) coal plant. Efficiency ~42%, reduced CO₂/kWh. 85% power allocated to Telangana state. Technology: USC boiler-turbine-generator.",Completed,2016-01-18,2023-09-05
NTP-THM-002,"Lara Super Thermal Power Project Stage-II (2×800 MW = 1,600 MW)",NTPC Limited,NTPC Ltd,Thermal,Chhattisgarh,Raigarh District (near Lara),Ongoing,Brownfield Expansion,2023-08-30,2028-01-01,"1,600 MW USC/USC+ expansion on Stage-I land. Full-scope EPC by BHEL (BTG + BoP). Designed for biomass co-firing and advanced emission controls. Investment: ₹15,529.99 Cr. Coal: Talaipalli block.",Ongoing,2023-08-30,2028-01-01
NTP-THM-003,"Talcher Thermal Power Project Stage-III (2×660 MW = 1,320 MW)",NTPC Limited,NTPC Ltd (Talcher Thermal),Thermal,Odisha,Angul District (Talcher),Ongoing,Brownfield Expansion,2022-09-27,2027-03-01,"1,320 MW supercritical coal expansion replacing old units. Full-scope EPC by BHEL (BTG + BoP). Board-approved capex: ~₹9,785 Cr.",Ongoing,2022-09-27,2027-03-01
NTP-THM-004,"North Karanpura Super Thermal Power Project (3×660 MW = 1,980 MW)",NTPC Limited,NTPC Ltd,Thermal,Jharkhand,Chatra District (North Karanpura),Completed,Greenfield,Not Disclosed (construction since early 2010s),2023-03-01,"1,980 MW supercritical coal plant. India's first large air-cooled condenser (ACC) — reduces water use to 1/3 of conventional plants. Pithead coal supply. Supports eastern regional grid.",Completed,,2023-03-01
NTP-SOL-001,"Khavda-I Solar PV Project (1,255 MW)",NTPC Limited,NTPC Renewable Energy Ltd (subsidiary of NTPC Green Energy Ltd),Solar,Gujarat,"Khavda, Kutch District",Ongoing,Greenfield,2025-06-05,2025-06-28,"1,255 MW ground-mounted solar PV under CPSU Phase-II Tranche-III (ISTS-connected). Developed by NTPC REL for self-use. Part of NGEL's 60 GW by 2032 target.",Ongoing,2025-06-05,2025-06-28
NTP-SOL-002,Nokh Solar PV Project (245 MW),NTPC Limited,NTPC Renewable Energy Ltd / NTPC Green Energy Ltd,Solar,Rajasthan,"Nokh, Jaisalmer District",Ongoing,Greenfield,2025-01-01,2025-01-01,245 MW solar PV under CPSU scheme. Feeds NTPC internal and ISTS demand. Contributes to NGEL's 32+ GW RE portfolio.,Ongoing,2025-01-01,2025-01-01
NTP-SOL-003,Chhattargarh Solar PV Project (150 MW),NTPC Limited,NTPC Renewable Energy Ltd (NTPC REL),Solar,Rajasthan,"Chhattargarh, Bikaner District",Completed,Greenfield,2024-04-01,2024-02-21,150 MW grid-connected solar PV. First operational project of NTPC REL. Part of NTPC REL's ~3.5 GW RE under execution as of 31-03-2024.,Completed,2024-04-01,2024-02-21
NTP-SOL-004,Kadapa Solar PV Project (250 MW),NTPC Limited,ONGC NTPC Green Pvt Ltd (JV of NTPC Green Energy Ltd & ONGC),Solar,Andhra Pradesh,Kadapa District,Completed,Greenfield,Not Disclosed (developed by Ayana Kadapa Renewable Power Pvt Ltd),2026-03-08,250 MW solar PV. Developed by Ayana Kadapa Renewable Power (ONGC-NTPC Green JV subsidiary). 25-year PPA with SECI at ₹2.71/kWh. Contributes ~9.3 GW NGEL installed RE capacity.,Completed,,2026-03-08
NTP-HYD-001,"Tehri Pumped Storage Plant (4×250 MW = 1,000 MW Variable-Speed PSP)",NTPC Limited,THDC India Ltd (NTPC subsidiary),Hydro,Uttarakhand,"Tehri Garhwal (Tehri & Koteshwar reservoirs, Bhagirathi River)",Completed,Brownfield Expansion,2011-01-01,2025-06-07,"India's first variable-speed PSP (4×250 MW). Uses Tehri HPP as upper and Koteshwar HEP as lower reservoir. Provides flexible peaking power and grid balancing. Project cost: ~₹8,339 Cr.",Completed,2011-01-01,2025-06-07
NTP-HYD-002,Vishnugad Pipalkoti Hydro Electric Project – VPHEP (4×111 MW = 444 MW),NTPC Limited,THDC India Ltd,Hydro,Uttarakhand,Chamoli District (Alaknanda River),Ongoing,Greenfield,2011-01-01,2024-10-01,"444 MW run-of-river HEP. 65 m diversion dam, 13.4 km headrace tunnel, underground powerhouse. Generates ~1,665 GWh/year for northern grid. ~40-50% physical progress. Partly financed by World Bank.",Ongoing,2011-01-01,2024-10-01
NTP-NUC-001,"Mahi Banswara Rajasthan Atomic Power Project – MBRAPP (4×700 MW = 2,800 MW PHWR)",NTPC Limited,ASHVINI – Anushakti Vidhyut Nigam Ltd (JV: NPCIL 51% + NTPC 49%),Nuclear,Rajasthan,Banswara District,Upcoming,Greenfield,2025-09-25,Not Disclosed (typical fleet-mode PHWR: ~6-7 years per twin-unit block; no binding COD published),"4×700 MW indigenous IPHWR-700 PHWR. Two phases: Units 1&2 and Units 3&4. Estimated cost: ~₹42,000 Cr. First nuclear project by two CPSEs via JV. India's fleet-mode nuclear expansion.",Upcoming,2025-09-25,
NTP-NUC-002,Chutka Madhya Pradesh Atomic Power Project (2×700 MW PHWR),NTPC Limited,ASHVINI – Anushakti Vidhyut Nigam Ltd (JV: NPCIL 51% + NTPC 49%),Nuclear,Madhya Pradesh,"Mandla District (Chutka Village, Narayanganj Tehsil)",Upcoming,Greenfield,2009-01-01,2031-01-01,"2×700 MW IPHWR-700 indigenous PHWR. Estimated cost: ~₹25,000 Cr. Part of fleet-mode nuclear expansion under ASHVINI JV alongside Mahi Banswara.",Upcoming,2009-01-01,2031-01-01
NTP-BES-001,Standalone BESS at Gadarwara & Solapur (250 MW / 500 MWh),NTPC Limited,NTPC Ltd (RE Division),Utilities,Madhya Pradesh & Maharashtra,"Gadarwara (Narsinghpur, MP) & Solapur (MH)",Upcoming,Greenfield,2024-06-13,Not Disclosed (commissioning post-tender award; ~12-year EPC + O&M term),"250 MW / 500 MWh grid-connected standalone BESS at two NTPC sites. Two 2-hour daily cycles, ≥80% round-trip efficiency. Supports Gadarwara solar plant (MP) and Solapur coal station (MH). Includes design, supply, grid integration, and long-term O&M.",Upcoming,2024-06-13,
NTP-BES-002,NTPC 4.7 GWh Battery Energy Storage System Program (Multi-Site),NTPC Limited,NTPC Ltd / NTPC Renewable Energy Ltd,Utilities,Multiple States,"Mouda, Kudgi, Ramagundam, Solapur, Barh, Nabinagar, Simhadri, Bikaner (Multiple Sites)",Upcoming,Greenfield,2026-04-01,Not Disclosed (staggered commissioning post-award at each site; 11-year O&M term),"Portfolio of utility-scale BESS totalling 4.7 GWh (~₹5,822 Cr capex). Winners include GR Infraprojects. Sites: Mouda, Kudgi, Ramagundam, Solapur, Barh, Nabinagar, Simhadri + 250 MW/1,000 MWh at Bikaner RE. Firms RE output and provides peak/ancillary grid services.",Upcoming,2026-04-01,
ADN-UTL-001,Khavda Renewable Energy Park (30 GW),Adani Group,Adani Green Energy Ltd (AGEL),Utilities,Gujarat,"Khavda, Kutch",Ongoing,Greenfield,2020-12-01,2030-01-01,"30 GW solar + wind RE park. World's largest single-site RE park. EPC: SWREL, Bondada Engineering, KPI Green. ₹1,50,000 Cr committed.",Ongoing,2020-12-01,2030-01-01
ADN-UTL-002,"Khavda BESS Deployment (1,376 MWh)",Adani Group,Adani Green Energy Ltd (AGEL),Utilities,Gujarat,"Khavda, Kutch",Completed,Capacity Addition,2025-01-01,2026-04-01,"1,376 MWh BESS deployed at Khavda RE Park to support grid stability. EPC: Adani Green Energy.",Completed,2025-01-01,2026-04-01
ADN-UTL-003,"Panaura Pumped Hydro Storage (1,250 MW)",Adani Group,Adani Green Energy Ltd (AGEL) / Adani Saur Urja,Utilities,Uttar Pradesh,Sonbhadra District,Ongoing,Greenfield,2025-01-01,2031-01-01,"1,250 MW pumped storage hydro awarded by UPPCL. 40-year commitment, 6-year execution timeline. Pre-construction/planning stage.",Ongoing,2025-01-01,2031-01-01
ADN-UTL-004,"Gandikota Pumped Hydro (1,800 MW)",Adani Group,Adani Green Energy Ltd (AGEL),Utilities,Andhra Pradesh,YSR Kadapa District,Ongoing,Greenfield,2025-01-01,2030-01-01,"1,800 MW pumped hydro. ANDRITZ awarded electromechanical package Q2 2025. Civil works not yet started.",Ongoing,2025-01-01,2030-01-01
ADN-UTL-005,Mahan Super Thermal Power Expansion (2×800 MW),Adani Group,Adani Power Ltd / Mahan Energen Ltd,Utilities,Madhya Pradesh,"Bandhaura, Singrauli District",Ongoing,Brownfield Expansion,2025-01-01,2029-04-01,"1,600 MW ultra-supercritical brownfield expansion at existing 1,200 MW Mahan plant. Part of ₹1,20,000 Cr capex plan.",Ongoing,2025-01-01,2029-04-01
ADN-UTL-006,Pirpainti Thermal Power Plant (3×800 MW),Adani Group,Adani Power Ltd,Utilities,Bihar,"Pirpainti, Bhagalpur District",Ongoing,Greenfield,2026-03-01,First unit ~48 months; full plant ~60 months from appointed date,"2,400 MW greenfield USCTPP for Bihar DISCOMs. EPC: BTL EPC Ltd. PSA signed 13-Sep-2025. Investment ~₹590 Cr (BTL package). Total ~₹26,482 Cr project.",Ongoing,2026-03-01,
ADN-OG-001,Pan-India CNG & PNG Infrastructure Expansion,Adani Group,Adani Total Gas Ltd (ATGL),Oil & Gas,Multiple (13 States),Multiple Cities / Geographical Areas,Ongoing,Capacity Addition,2024-12-01,2031-01-01,"Expansion of CNG stations and PNG pipeline networks across 50+ GAs in 13 states. Investment ₹16,000 Cr over 7 years. 600+ CNG stations already operational.",Ongoing,2024-12-01,2031-01-01
ADN-MIN-001,Suliyari Coal Mine Expansion (7 MTPA),Adani Group,Adani Enterprises Ltd (MDO),Mining,Madhya Pradesh,Singrauli District,Ongoing,Expansion,2021-01-01,Ongoing Extraction,7 MTPA captive coal mine under Adani as MDO. Project value ₹386.20 Cr. Operational and in extraction phase.,Ongoing,2021-01-01,
ADN-MIN-002,Badam Coal Mine (MDO),Adani Group,Adani Enterprises Ltd (MDO),Mining,Jharkhand,Hazaribagh District,Completed,Greenfield,2024-01-01,2025-02-01,Coal mine developed by Adani Enterprises as MDO. Commissioned Feb 2025.,Completed,2024-01-01,2025-02-01
ADN-DC-001,Navi Mumbai Hyperscale Data Centre (1 GW),Adani Group,Adani Enterprises Ltd / AdaniConneX JV,Data Centres,Maharashtra,Navi Mumbai,Upcoming,Greenfield,Not Disclosed,2026-12-01,"1 GW hyperscale DC infrastructure. MoU signed Jan 2024 (WEF Davos) with Maharashtra Govt. Investment ₹50,000 Cr over 10 years.",Upcoming,,2026-12-01
ADN-DC-002,Pune Data Centre (250 MW),Adani Group,Adani Enterprises Ltd / AdaniConneX JV,Data Centres,Maharashtra,Pune,Ongoing,Greenfield,Not Disclosed,2025-01-01,250 MW data centre campus in Pune. Part of Maharashtra 1 GW DC program under MoU Jan 2024.,Ongoing,,2025-01-01
ADN-DC-003,Hyderabad Data Centre (600 MW),Adani Group,Adani Enterprises Ltd / AdaniConneX JV,Data Centres,Telangana,Hyderabad,Ongoing,Greenfield,Not Disclosed,2024-10-01,600 MW hyperscale data centre. Phase 1 commissioned Oct 2024. AdaniConneX JV development.,Ongoing,,2024-10-01
ADN-DC-004,Visakhapatnam AI Data Centre Campus,Adani Group,Adani Enterprises Ltd / AdaniConneX JV,Data Centres,Andhra Pradesh,Visakhapatnam,Upcoming,Greenfield,2026-01-01,2030-01-01,"India's largest AI-oriented DC campus. Adani-Google partnership announced Oct 2025. Part of ~US$15 Bn (~₹1,25,000 Cr) multi-year India investment.",Upcoming,2026-01-01,2030-01-01
